,name,Side,entry_date,entry_price,qty,exit_date,exit_price,profit,bars_held,exit_reason
0,P_467.0_20240105,SELL,2024-01-05 10:01:00,0.41,100,2024-01-05 12:11:00,0.68,-27.000000000000007,130,SPREAD_STOP_LOSS
1,P_469.0_20240105,BUY,2024-01-05 10:03:00,0.75,40,2024-01-05 12:11:00,1.78,41.2,128,SPREAD_STOP_LOSS
2,P_477.0_20240119,SELL,2024-01-19 11:07:00,0.36,100,2024-01-19 15:45:00,0.01,35.0,278,EOD
3,P_487.0_20240126,BUY,2024-01-26 12:33:00,0.37,95,2024-01-26 12:39:00,0.64,25.650000000000002,6,SPREAD_STOP_LOSS
4,P_484.0_20240201,BUY,2024-02-01 10:51:00,0.8,95,2024-02-01 10:56:00,1.05,23.75,5,SPREAD_STOP_LOSS
5,P_483.0_20240201,SELL,2024-02-01 11:33:00,0.52,100,2024-02-01 15:45:00,0.02,50.0,252,EOD
6,P_485.0_20240201,BUY,2024-02-01 12:01:00,0.77,40,2024-02-01 15:45:00,0.03,-29.6,224,EOD
7,P_489.0_20240202,SELL,2024-02-02 10:15:00,0.51,100,2024-02-02 15:45:00,0.01,50.0,330,EOD
8,P_490.0_20240202,BUY,2024-02-02 10:41:00,0.49,43,2024-02-02 15:45:00,0.01,-20.64,304,EOD
9,P_502.0_20240222,SELL,2024-02-22 09:46:00,0.71,100,2024-02-22 15:45:00,0.02,69.0,359,EOD
10,P_504.0_20240222,BUY,2024-02-22 09:51:00,0.73,40,2024-02-22 15:45:00,0.01,-28.799999999999997,354,EOD
11,P_505.0_20240229,SELL,2024-02-29 11:55:00,0.31,100,2024-02-29 15:45:00,0.02,28.999999999999996,230,EOD
12,P_506.0_20240229,BUY,2024-02-29 12:54:00,0.27,40,2024-02-29 15:45:00,0.01,-10.4,171,EOD
13,P_508.0_20240301,SELL,2024-03-01 10:11:00,0.32,100,2024-03-01 15:45:00,0.02,30.0,334,EOD
14,P_510.0_20240301,BUY,2024-03-01 11:02:00,0.56,40,2024-03-01 15:45:00,0.01,-22.0,283,EOD
15,P_508.0_20240306,SELL,2024-03-06 10:34:00,0.49,100,2024-03-06 14:16:00,0.76,-27.0,222,SPREAD_STOP_LOSS
16,P_509.0_20240306,BUY,2024-03-06 10:56:00,0.46,40,2024-03-06 14:16:00,1.19,29.2,200,SPREAD_STOP_LOSS
17,P_508.0_20240306,BUY,2024-03-06 14:48:00,0.47,95,2024-03-06 15:45:00,0.06,-38.949999999999996,57,EOD
18,P_515.0_20240308,SELL,2024-03-08 09:46:00,0.47,100,2024-03-08 11:11:00,0.72,-25.0,85,SPREAD_STOP_LOSS
19,P_517.0_20240308,BUY,2024-03-08 10:01:00,0.8,40,2024-03-08 11:11:00,1.75,38.0,70,SPREAD_STOP_LOSS
20,P_513.0_20240308,BUY,2024-03-08 11:48:00,0.58,95,2024-03-08 12:10:00,0.8,20.90000000000001,22,SPREAD_STOP_LOSS
21,P_513.0_20240308,BUY,2024-03-08 12:45:00,0.49,95,2024-03-08 12:51:00,0.79,28.500000000000004,6,SPREAD_STOP_LOSS
22,P_511.0_20240308,SELL,2024-03-08 14:09:00,0.31,100,2024-03-08 15:45:00,0.14,17.0,96,EOD
23,P_512.0_20240308,BUY,2024-03-08 14:23:00,0.33,40,2024-03-08 15:45:00,0.4,2.8000000000000003,82,EOD
24,P_510.0_20240312,SELL,2024-03-12 09:55:00,0.7,100,2024-03-12 15:45:00,0.01,69.0,350,EOD
25,P_518.0_20240403,SELL,2024-04-03 10:02:00,0.35,100,2024-04-03 15:45:00,0.04,31.0,343,EOD
26,P_519.0_20240403,BUY,2024-04-03 10:21:00,0.43,40,2024-04-03 15:45:00,0.17,-10.4,324,EOD
27,P_514.0_20240405,BUY,2024-04-05 10:28:00,1.08,95,2024-04-05 15:45:00,0.01,-101.65,317,EOD
28,P_513.0_20240405,SELL,2024-04-05 10:30:00,0.67,100,2024-04-05 15:45:00,0.02,65.0,315,EOD
29,P_515.0_20240405,BUY,2024-04-05 10:39:00,0.92,40,2024-04-05 15:45:00,0.02,-36.0,306,EOD
30,P_511.0_20240411,SELL,2024-04-11 10:32:00,0.68,100,2024-04-11 15:45:00,0.01,67.0,313,EOD
31,P_511.0_20240415,SELL,2024-04-15 10:17:00,0.62,100,2024-04-15 10:21:00,0.85,-23.0,4,SPREAD_STOP_LOSS
32,P_512.0_20240415,BUY,2024-04-15 10:21:00,1.17,69,2024-04-15 10:21:00,1.15,-1.3800000000000012,0,SPREAD_STOP_LOSS
33,P_510.0_20240415,BUY,2024-04-15 12:23:00,0.74,95,2024-04-15 12:25:00,1.0,24.7,2,SPREAD_STOP_LOSS
34,P_502.0_20240416,SELL,2024-04-16 09:57:00,1.06,100,2024-04-16 10:29:00,1.31,-25.0,32,SPREAD_STOP_LOSS
35,P_503.0_20240416,BUY,2024-04-16 10:04:00,1.57,74,2024-04-16 10:29:00,1.7,9.619999999999992,25,SPREAD_STOP_LOSS
36,P_502.0_20240416,SELL,2024-04-16 11:07:00,1.06,100,2024-04-16 15:45:00,0.05,101.0,278,EOD
37,P_504.0_20240416,BUY,2024-04-16 11:49:00,1.37,40,2024-04-16 15:45:00,0.36,-40.400000000000006,236,EOD
38,P_502.0_20240417,BUY,2024-04-17 11:08:00,0.98,95,2024-04-17 11:20:00,1.22,22.8,12,SPREAD_STOP_LOSS
39,P_499.0_20240418,SELL,2024-04-18 10:07:00,0.78,100,2024-04-18 13:19:00,1.02,-24.0,192,SPREAD_STOP_LOSS
40,P_501.0_20240418,BUY,2024-04-18 10:18:00,1.1,40,2024-04-18 13:19:00,2.12,40.8,181,SPREAD_STOP_LOSS
41,P_498.0_20240418,SELL,2024-04-18 13:31:00,0.43,100,2024-04-18 13:42:00,0.7,-26.999999999999996,11,SPREAD_STOP_LOSS
42,P_499.0_20240418,BUY,2024-04-18 13:34:00,0.9,61,2024-04-18 13:42:00,1.07,10.370000000000003,8,SPREAD_STOP_LOSS
43,P_498.0_20240418,BUY,2024-04-18 14:33:00,0.53,95,2024-04-18 15:45:00,0.05,-45.6,72,EOD
44,P_502.0_20240423,SELL,2024-04-23 10:09:00,0.71,100,2024-04-23 15:45:00,0.03,68.0,336,EOD
45,P_504.0_20240423,BUY,2024-04-23 10:31:00,1.05,40,2024-04-23 15:45:00,0.06,-39.6,314,EOD
46,P_505.0_20240426,SELL,2024-04-26 09:46:00,0.79,100,2024-04-26 15:45:00,0.02,77.0,359,EOD
47,P_507.0_20240426,BUY,2024-04-26 09:51:00,1.13,40,2024-04-26 15:45:00,0.02,-44.39999999999999,354,EOD
48,P_508.0_20240429,BUY,2024-04-29 11:06:00,0.37,95,2024-04-29 15:04:00,0.94,54.15,238,SPREAD_STOP_LOSS
49,P_500.0_20240502,SELL,2024-05-02 12:25:00,0.53,100,2024-05-02 12:37:00,0.81,-28.000000000000004,12,SPREAD_STOP_LOSS
50,P_501.0_20240502,BUY,2024-05-02 12:34:00,0.99,65,2024-05-02 12:37:00,1.15,10.399999999999995,3,SPREAD_STOP_LOSS
51,P_500.0_20240502,SELL,2024-05-02 12:43:00,0.53,100,2024-05-02 15:45:00,0.05,48.00000000000001,182,EOD
52,P_502.0_20240502,BUY,2024-05-02 13:13:00,0.8,40,2024-05-02 15:45:00,0.12,-27.200000000000003,152,EOD
53,P_509.0_20240503,SELL,2024-05-03 09:46:00,0.77,100,2024-05-03 10:04:00,1.0,-23.0,18,SPREAD_STOP_LOSS
54,P_511.0_20240503,BUY,2024-05-03 09:57:00,1.12,40,2024-05-03 10:04:00,1.82,28.0,7,SPREAD_STOP_LOSS
55,P_508.0_20240503,SELL,2024-05-03 11:29:00,0.48,100,2024-05-03 15:45:00,0.02,46.0,256,EOD
56,P_510.0_20240503,BUY,2024-05-03 11:42:00,0.81,40,2024-05-03 15:45:00,0.04,-30.8,243,EOD
57,P_517.0_20240509,SELL,2024-05-09 10:37:00,0.31,100,2024-05-09 15:45:00,0.02,28.999999999999996,307,EOD
58,P_518.0_20240509,BUY,2024-05-09 11:03:00,0.33,40,2024-05-09 15:45:00,0.01,-12.8,281,EOD
59,P_521.0_20240510,BUY,2024-05-10 10:01:00,0.5,95,2024-05-10 10:13:00,0.72,20.9,12,SPREAD_STOP_LOSS
60,P_524.0_20240515,SELL,2024-05-15 10:07:00,0.32,100,2024-05-15 15:45:00,0.01,31.0,338,EOD
61,P_526.0_20240515,BUY,2024-05-15 10:38:00,0.52,40,2024-05-15 15:45:00,0.01,-20.4,307,EOD
62,P_529.0_20240523,BUY,2024-05-23 10:49:00,0.62,95,2024-05-23 10:57:00,0.97,33.25,8,SPREAD_STOP_LOSS
63,P_528.0_20240523,SELL,2024-05-23 11:09:00,0.3,100,2024-05-23 13:21:00,0.5,-20.0,132,SPREAD_STOP_LOSS
64,P_530.0_20240523,BUY,2024-05-23 11:40:00,0.47,40,2024-05-23 13:21:00,1.45,39.2,101,SPREAD_STOP_LOSS
65,P_526.0_20240524,SELL,2024-05-24 10:02:00,0.32,100,2024-05-24 15:45:00,0.02,30.0,343,EOD
66,P_528.0_20240524,BUY,2024-05-24 10:58:00,0.45,40,2024-05-24 15:45:00,0.04,-16.400000000000002,287,EOD
67,P_527.0_20240603,BUY,2024-06-03 10:02:00,0.58,95,2024-06-03 10:11:00,0.8,20.90000000000001,9,SPREAD_STOP_LOSS
68,P_525.0_20240604,SELL,2024-06-04 13:19:00,0.3,100,2024-06-04 15:45:00,0.03,27.0,146,EOD
69,P_526.0_20240604,BUY,2024-06-04 14:14:00,0.25,40,2024-06-04 15:45:00,0.04,-8.4,91,EOD
70,P_528.0_20240605,SELL,2024-06-05 10:25:00,0.41,100,2024-06-05 15:45:00,0.02,38.99999999999999,320,EOD
71,P_530.0_20240605,BUY,2024-06-05 10:38:00,0.67,40,2024-06-05 15:45:00,0.01,-26.400000000000002,307,EOD
72,P_533.0_20240611,BUY,2024-06-11 11:18:00,0.46,95,2024-06-11 15:45:00,0.01,-42.75,267,EOD
73,P_548.0_20240620,SELL,2024-06-20 09:46:00,0.41,100,2024-06-20 10:12:00,0.68,-27.000000000000007,26,SPREAD_STOP_LOSS
74,P_549.0_20240620,BUY,2024-06-20 10:08:00,0.79,58,2024-06-20 10:12:00,1.08,16.82,4,SPREAD_STOP_LOSS
75,P_545.0_20240627,BUY,2024-06-27 09:51:00,0.61,95,2024-06-27 09:53:00,0.84,21.849999999999998,2,SPREAD_STOP_LOSS
76,P_545.0_20240627,BUY,2024-06-27 10:51:00,0.58,95,2024-06-27 11:30:00,0.82,22.8,39,SPREAD_STOP_LOSS
77,P_546.0_20240628,SELL,2024-06-28 09:46:00,0.52,100,2024-06-28 12:11:00,0.74,-21.999999999999996,145,SPREAD_STOP_LOSS
78,P_548.0_20240628,BUY,2024-06-28 10:03:00,0.72,40,2024-06-28 12:11:00,1.8,43.2,128,SPREAD_STOP_LOSS
79,P_545.0_20240628,BUY,2024-06-28 13:31:00,0.45,95,2024-06-28 14:48:00,0.68,21.850000000000005,76,SPREAD_STOP_LOSS
80,P_543.0_20240701,SELL,2024-07-01 10:01:00,0.37,100,2024-07-01 10:12:00,0.98,-61.0,11,SPREAD_STOP_LOSS
81,P_544.0_20240701,BUY,2024-07-01 10:04:00,0.74,60,2024-07-01 10:12:00,1.37,37.800000000000004,8,SPREAD_STOP_LOSS
82,P_542.0_20240701,SELL,2024-07-01 10:20:00,0.4,100,2024-07-01 10:36:00,0.62,-21.999999999999996,16,SPREAD_STOP_LOSS
83,P_543.0_20240701,BUY,2024-07-01 10:35:00,0.88,62,2024-07-01 10:36:00,0.94,3.719999999999996,1,SPREAD_STOP_LOSS
84,P_542.0_20240701,BUY,2024-07-01 10:40:00,0.71,95,2024-07-01 10:56:00,0.97,24.7,16,SPREAD_STOP_LOSS
85,P_542.0_20240701,SELL,2024-07-01 11:27:00,0.42,100,2024-07-01 15:45:00,0.02,40.0,258,EOD
86,P_544.0_20240701,BUY,2024-07-01 12:10:00,0.6,40,2024-07-01 15:45:00,0.11,-19.6,215,EOD
87,P_556.0_20240712,SELL,2024-07-12 09:53:00,0.35,100,2024-07-12 15:45:00,0.02,32.99999999999999,351,EOD
88,P_558.0_20240712,BUY,2024-07-12 10:01:00,0.59,40,2024-07-12 15:45:00,0.07,-20.8,343,EOD
89,P_561.0_20240715,SELL,2024-07-15 10:09:00,0.56,100,2024-07-15 13:34:00,0.89,-32.99999999999999,205,SPREAD_STOP_LOSS
90,P_562.0_20240715,BUY,2024-07-15 10:52:00,0.47,40,2024-07-15 13:34:00,1.45,39.2,162,SPREAD_STOP_LOSS
91,P_562.0_20240716,SELL,2024-07-16 11:04:00,0.41,100,2024-07-16 12:13:00,0.67,-26.000000000000007,69,SPREAD_STOP_LOSS
92,P_563.0_20240716,BUY,2024-07-16 11:12:00,0.44,40,2024-07-16 12:13:00,1.13,27.599999999999998,61,SPREAD_STOP_LOSS
93,P_557.0_20240718,BUY,2024-07-18 10:32:00,0.73,95,2024-07-18 10:35:00,1.09,34.20000000000001,3,SPREAD_STOP_LOSS
94,P_555.0_20240718,BUY,2024-07-18 11:08:00,0.81,95,2024-07-18 11:14:00,1.3,46.55,6,SPREAD_STOP_LOSS
95,P_553.0_20240718,BUY,2024-07-18 13:53:00,0.51,95,2024-07-18 14:02:00,0.95,41.8,9,SPREAD_STOP_LOSS
96,P_551.0_20240719,BUY,2024-07-19 10:25:00,0.94,95,2024-07-19 10:28:00,1.35,38.95000000000002,3,SPREAD_STOP_LOSS
97,P_550.0_20240719,BUY,2024-07-19 11:09:00,0.77,95,2024-07-19 11:12:00,1.06,27.550000000000004,3,SPREAD_STOP_LOSS
98,P_548.0_20240719,SELL,2024-07-19 11:58:00,0.4,100,2024-07-19 12:34:00,0.65,-25.0,36,SPREAD_STOP_LOSS
99,P_550.0_20240719,BUY,2024-07-19 12:02:00,0.73,40,2024-07-19 12:34:00,1.44,28.4,32,SPREAD_STOP_LOSS
100,P_547.0_20240719,SELL,2024-07-19 13:51:00,0.3,100,2024-07-19 15:45:00,0.14,15.999999999999998,114,EOD
101,P_548.0_20240719,BUY,2024-07-19 14:32:00,0.6,46,2024-07-19 15:45:00,0.37,-10.579999999999998,73,EOD
102,P_552.0_20240722,BUY,2024-07-22 09:58:00,0.93,95,2024-07-22 10:02:00,1.37,41.800000000000004,4,SPREAD_STOP_LOSS
103,P_551.0_20240722,SELL,2024-07-22 10:21:00,0.7,100,2024-07-22 11:31:00,0.97,-27.0,70,SPREAD_STOP_LOSS
104,P_553.0_20240722,BUY,2024-07-22 10:36:00,0.92,40,2024-07-22 11:31:00,2.1,47.2,55,SPREAD_STOP_LOSS
105,P_550.0_20240722,SELL,2024-07-22 12:11:00,0.32,100,2024-07-22 15:45:00,0.02,30.0,214,EOD
106,P_552.0_20240722,BUY,2024-07-22 12:53:00,0.51,40,2024-07-22 15:45:00,0.01,-20.0,172,EOD
107,P_553.0_20240723,SELL,2024-07-23 09:46:00,0.65,100,2024-07-23 15:45:00,0.4,25.0,358,EOD
108,P_555.0_20240723,BUY,2024-07-23 10:08:00,0.89,40,2024-07-23 15:45:00,1.38,19.599999999999994,336,EOD
109,P_541.0_20240726,SELL,2024-07-26 09:46:00,1.09,100,2024-07-26 09:48:00,1.31,-21.999999999999996,2,SPREAD_STOP_LOSS
110,P_542.0_20240726,BUY,2024-07-26 09:48:00,1.7,73,2024-07-26 09:48:00,1.69,-0.7300000000000006,0,SPREAD_STOP_LOSS
111,P_541.0_20240726,SELL,2024-07-26 09:53:00,1.13,100,2024-07-26 10:36:00,1.39,-26.0,43,SPREAD_STOP_LOSS
112,P_543.0_20240726,BUY,2024-07-26 10:02:00,1.35,40,2024-07-26 10:36:00,2.36,40.39999999999999,34,SPREAD_STOP_LOSS
113,P_541.0_20240726,SELL,2024-07-26 10:43:00,1.04,100,2024-07-26 15:45:00,0.05,99.0,302,EOD
114,P_542.0_20240726,BUY,2024-07-26 11:00:00,0.98,50,2024-07-26 15:45:00,0.1,-44.0,285,EOD
115,P_544.0_20240729,SELL,2024-07-29 09:46:00,0.73,100,2024-07-29 09:51:00,0.97,-24.0,5,SPREAD_STOP_LOSS
116,P_545.0_20240729,BUY,2024-07-29 09:49:00,1.23,69,2024-07-29 09:51:00,1.33,6.900000000000006,2,SPREAD_STOP_LOSS
117,P_544.0_20240729,SELL,2024-07-29 09:56:00,0.8,100,2024-07-29 10:14:00,1.02,-21.999999999999996,18,SPREAD_STOP_LOSS
118,P_546.0_20240729,BUY,2024-07-29 10:01:00,1.08,40,2024-07-29 10:14:00,1.9,32.8,13,SPREAD_STOP_LOSS
119,P_544.0_20240729,BUY,2024-07-29 10:29:00,0.91,95,2024-07-29 10:33:00,1.25,32.3,4,SPREAD_STOP_LOSS
120,P_544.0_20240729,BUY,2024-07-29 10:50:00,1.17,95,2024-07-29 11:01:00,1.4,21.849999999999998,11,SPREAD_STOP_LOSS
121,P_542.0_20240729,SELL,2024-07-29 11:46:00,0.6,100,2024-07-29 15:45:00,0.02,57.99999999999999,239,EOD
122,P_544.0_20240729,BUY,2024-07-29 11:49:00,0.94,40,2024-07-29 15:45:00,0.03,-36.4,236,EOD
123,P_547.0_20240731,SELL,2024-07-31 10:02:00,1.4,100,2024-07-31 15:45:00,0.09,130.99999999999997,343,EOD
124,P_549.0_20240731,BUY,2024-07-31 10:14:00,1.87,43,2024-07-31 15:45:00,0.23,-70.52000000000001,331,EOD
125,P_553.0_20240801,BUY,2024-08-01 09:51:00,1.48,95,2024-08-01 10:01:00,1.71,21.849999999999998,10,SPREAD_STOP_LOSS
126,P_552.0_20240801,BUY,2024-08-01 10:05:00,1.31,95,2024-08-01 10:07:00,1.61,28.500000000000004,2,SPREAD_STOP_LOSS
127,P_518.0_20240806,SELL,2024-08-06 09:48:00,2.33,100,2024-08-06 15:45:00,0.02,231.0,357,EOD
128,P_520.0_20240806,BUY,2024-08-06 09:53:00,2.58,50,2024-08-06 15:45:00,0.03,-127.50000000000001,352,EOD
129,P_528.0_20240807,SELL,2024-08-07 09:46:00,1.43,100,2024-08-07 10:19:00,1.66,-23.0,33,SPREAD_STOP_LOSS
130,P_530.0_20240807,BUY,2024-08-07 10:00:00,1.83,44,2024-08-07 10:19:00,2.53,30.79999999999999,19,SPREAD_STOP_LOSS
131,P_527.0_20240807,SELL,2024-08-07 10:33:00,1.2,100,2024-08-07 10:37:00,1.39,-18.999999999999993,4,SPREAD_STOP_LOSS
132,P_528.0_20240807,BUY,2024-08-07 10:37:00,1.74,76,2024-08-07 10:37:00,1.72,-1.5200000000000014,0,SPREAD_STOP_LOSS
133,P_527.0_20240807,SELL,2024-08-07 10:45:00,1.1,100,2024-08-07 11:46:00,1.36,-26.0,61,SPREAD_STOP_LOSS
134,P_529.0_20240807,BUY,2024-08-07 10:46:00,1.36,42,2024-08-07 11:46:00,2.23,36.53999999999999,60,SPREAD_STOP_LOSS
135,P_525.0_20240807,SELL,2024-08-07 12:13:00,1.13,100,2024-08-07 12:48:00,1.38,-25.0,35,SPREAD_STOP_LOSS
136,P_527.0_20240807,BUY,2024-08-07 12:22:00,1.4,40,2024-08-07 12:48:00,2.3,36.0,26,SPREAD_STOP_LOSS
137,P_523.0_20240807,BUY,2024-08-07 13:43:00,1.34,95,2024-08-07 13:47:00,1.73,37.04999999999999,4,SPREAD_STOP_LOSS
138,P_521.0_20240808,SELL,2024-08-08 09:53:00,1.92,100,2024-08-08 15:45:00,0.02,190.0,352,EOD
139,P_524.0_20240808,BUY,2024-08-08 09:56:00,2.46,40,2024-08-08 15:45:00,0.02,-97.6,349,EOD
140,P_528.0_20240809,SELL,2024-08-09 10:04:00,1.57,100,2024-08-09 15:45:00,0.02,155.0,341,EOD
141,P_530.0_20240809,BUY,2024-08-09 10:13:00,1.74,45,2024-08-09 15:45:00,0.06,-75.6,332,EOD
142,P_531.0_20240812,SELL,2024-08-12 10:07:00,1.06,100,2024-08-12 11:27:00,1.29,-23.0,80,SPREAD_STOP_LOSS
143,P_532.0_20240812,BUY,2024-08-12 10:13:00,1.0,51,2024-08-12 11:27:00,1.68,34.68,74,SPREAD_STOP_LOSS
144,P_531.0_20240812,BUY,2024-08-12 11:31:00,1.05,95,2024-08-12 15:45:00,0.18,-82.65,254,EOD
145,P_530.0_20240812,SELL,2024-08-12 11:32:00,0.83,100,2024-08-12 15:45:00,0.07,76.0,253,EOD
146,P_532.0_20240812,BUY,2024-08-12 11:50:00,0.86,40,2024-08-12 15:45:00,0.48,-15.2,235,EOD
147,P_536.0_20240813,SELL,2024-08-13 10:44:00,0.85,100,2024-08-13 15:45:00,0.01,84.0,301,EOD
148,P_537.0_20240813,BUY,2024-08-13 10:54:00,0.84,51,2024-08-13 15:45:00,0.01,-42.33,291,EOD
149,P_540.0_20240814,BUY,2024-08-14 10:33:00,1.02,95,2024-08-14 10:35:00,1.47,42.74999999999999,2,SPREAD_STOP_LOSS
150,P_540.0_20240814,SELL,2024-08-14 10:42:00,0.93,100,2024-08-14 15:45:00,0.02,91.0,303,EOD
151,P_541.0_20240814,BUY,2024-08-14 10:56:00,0.87,48,2024-08-14 15:45:00,0.02,-40.8,289,EOD
152,P_548.0_20240815,SELL,2024-08-15 10:23:00,0.56,100,2024-08-15 15:45:00,0.02,54.0,322,EOD
153,P_550.0_20240815,BUY,2024-08-15 10:38:00,0.85,40,2024-08-15 15:45:00,0.02,-33.199999999999996,307,EOD
154,P_551.0_20240816,SELL,2024-08-16 11:28:00,0.53,100,2024-08-16 15:45:00,0.03,50.0,257,EOD
155,P_552.0_20240816,BUY,2024-08-16 11:56:00,0.48,41,2024-08-16 15:45:00,0.02,-18.86,229,EOD
156,P_553.0_20240819,SELL,2024-08-19 10:24:00,0.39,100,2024-08-19 15:45:00,0.01,38.0,320,EOD
157,P_555.0_20240819,BUY,2024-08-19 10:47:00,0.54,40,2024-08-19 15:45:00,0.01,-21.200000000000003,297,EOD
158,P_558.0_20240820,SELL,2024-08-20 09:51:00,0.41,100,2024-08-20 10:13:00,0.71,-30.0,22,SPREAD_STOP_LOSS
159,P_559.0_20240820,BUY,2024-08-20 10:12:00,0.79,63,2024-08-20 10:13:00,1.05,16.38,1,SPREAD_STOP_LOSS
160,P_557.0_20240820,BUY,2024-08-20 12:19:00,0.42,95,2024-08-20 13:01:00,0.77,33.25,42,SPREAD_STOP_LOSS
161,P_559.0_20240821,SELL,2024-08-21 10:01:00,0.75,100,2024-08-21 10:15:00,1.17,-41.99999999999999,14,SPREAD_STOP_LOSS
162,P_558.0_20240821,BUY,2024-08-21 10:15:00,0.83,134,2024-08-21 10:15:00,0.82,-1.3400000000000012,0,SPREAD_STOP_LOSS
163,P_558.0_20240821,SELL,2024-08-21 10:22:00,0.51,100,2024-08-21 10:33:00,0.72,-20.999999999999996,11,SPREAD_STOP_LOSS
164,P_559.0_20240821,BUY,2024-08-21 10:33:00,1.06,65,2024-08-21 10:33:00,1.05,-0.6500000000000006,0,SPREAD_STOP_LOSS
165,P_558.0_20240821,SELL,2024-08-21 10:36:00,0.43,100,2024-08-21 10:52:00,0.82,-38.99999999999999,16,SPREAD_STOP_LOSS
166,P_560.0_20240821,BUY,2024-08-21 10:38:00,0.68,40,2024-08-21 10:52:00,1.6,36.800000000000004,14,SPREAD_STOP_LOSS
167,P_558.0_20240821,BUY,2024-08-21 11:52:00,0.74,95,2024-08-21 12:03:00,1.04,28.500000000000004,11,SPREAD_STOP_LOSS
168,P_557.0_20240821,SELL,2024-08-21 12:21:00,0.34,100,2024-08-21 15:45:00,0.02,32.0,204,EOD
169,P_559.0_20240821,BUY,2024-08-21 12:46:00,0.57,40,2024-08-21 15:45:00,0.1,-18.799999999999997,179,EOD
170,P_557.0_20240822,SELL,2024-08-22 12:21:00,0.36,100,2024-08-22 12:55:00,0.66,-30.000000000000004,34,SPREAD_STOP_LOSS
171,P_559.0_20240822,BUY,2024-08-22 12:31:00,0.58,40,2024-08-22 12:55:00,1.57,39.6,24,SPREAD_STOP_LOSS
172,P_559.0_20240823,SELL,2024-08-23 10:01:00,1.31,100,2024-08-23 10:49:00,1.6,-29.000000000000004,48,SPREAD_STOP_LOSS
173,P_561.0_20240823,BUY,2024-08-23 10:10:00,1.6,42,2024-08-23 10:49:00,2.64,43.68,39,SPREAD_STOP_LOSS
174,P_558.0_20240823,SELL,2024-08-23 10:56:00,0.84,100,2024-08-23 12:15:00,1.18,-34.0,79,SPREAD_STOP_LOSS
175,P_560.0_20240823,BUY,2024-08-23 11:07:00,1.15,40,2024-08-23 12:15:00,2.2,42.000000000000014,68,SPREAD_STOP_LOSS
176,P_557.0_20240823,BUY,2024-08-23 12:43:00,0.68,95,2024-08-23 12:44:00,0.94,24.69999999999999,1,SPREAD_STOP_LOSS
177,P_557.0_20240823,SELL,2024-08-23 12:52:00,0.62,100,2024-08-23 15:45:00,0.02,60.0,173,EOD
178,P_558.0_20240823,BUY,2024-08-23 12:56:00,0.62,45,2024-08-23 15:45:00,0.01,-27.45,169,EOD
179,P_559.0_20240826,SELL,2024-08-26 11:04:00,0.42,100,2024-08-26 11:31:00,0.63,-21.000000000000004,27,SPREAD_STOP_LOSS
180,P_560.0_20240826,BUY,2024-08-26 11:08:00,0.88,62,2024-08-26 11:31:00,0.96,4.959999999999997,23,SPREAD_STOP_LOSS
181,P_559.0_20240826,BUY,2024-08-26 13:40:00,0.36,95,2024-08-26 13:48:00,0.61,23.75,8,SPREAD_STOP_LOSS
182,P_559.0_20240829,SELL,2024-08-29 09:57:00,0.73,100,2024-08-29 14:39:00,1.35,-62.000000000000014,282,SPREAD_STOP_LOSS
183,P_561.0_20240829,BUY,2024-08-29 10:01:00,1.1,40,2024-08-29 14:39:00,2.73,65.19999999999999,278,SPREAD_STOP_LOSS
184,P_560.0_20240830,BUY,2024-08-30 10:54:00,0.83,95,2024-08-30 10:59:00,1.24,38.95,5,SPREAD_STOP_LOSS
185,P_557.0_20240830,SELL,2024-08-30 11:56:00,0.36,100,2024-08-30 12:02:00,0.62,-26.0,6,SPREAD_STOP_LOSS
186,P_558.0_20240830,BUY,2024-08-30 12:01:00,0.84,60,2024-08-30 12:02:00,0.96,7.199999999999999,1,SPREAD_STOP_LOSS
187,P_557.0_20240830,SELL,2024-08-30 12:07:00,0.35,100,2024-08-30 12:28:00,0.6,-25.0,21,SPREAD_STOP_LOSS
188,P_558.0_20240830,BUY,2024-08-30 12:26:00,0.78,60,2024-08-30 12:28:00,0.92,8.4,2,SPREAD_STOP_LOSS
189,P_557.0_20240830,SELL,2024-08-30 12:53:00,0.41,100,2024-08-30 15:45:00,0.02,38.99999999999999,172,EOD
190,P_559.0_20240830,BUY,2024-08-30 13:04:00,0.75,40,2024-08-30 15:45:00,0.05,-28.0,161,EOD
191,P_550.0_20240905,SELL,2024-09-05 09:57:00,1.03,100,2024-09-05 11:01:00,1.35,-32.00000000000001,64,SPREAD_STOP_LOSS
192,P_552.0_20240905,BUY,2024-09-05 10:02:00,1.18,40,2024-09-05 11:01:00,2.45,50.80000000000001,59,SPREAD_STOP_LOSS
193,P_547.0_20240905,BUY,2024-09-05 13:29:00,0.7,60,2024-09-05 15:45:00,0.2,-29.999999999999996,135,EOD
194,P_546.0_20240905,SELL,2024-09-05 13:20:00,0.35,100,2024-09-05 15:45:00,0.08,26.999999999999996,144,EOD
195,P_548.0_20240906,BUY,2024-09-06 09:51:00,1.5,95,2024-09-06 09:55:00,1.82,30.400000000000006,4,SPREAD_STOP_LOSS
196,P_544.0_20240909,BUY,2024-09-09 10:25:00,1.31,95,2024-09-09 10:32:00,1.55,22.8,7,SPREAD_STOP_LOSS
197,P_542.0_20240909,SELL,2024-09-09 11:29:00,0.69,100,2024-09-09 15:45:00,0.02,67.0,255,EOD
198,P_544.0_20240909,BUY,2024-09-09 11:33:00,0.99,40,2024-09-09 15:45:00,0.04,-38.0,251,EOD
199,P_545.0_20240910,SELL,2024-09-10 11:11:00,0.55,100,2024-09-10 11:46:00,0.76,-20.999999999999996,35,SPREAD_STOP_LOSS
200,P_546.0_20240910,BUY,2024-09-10 11:38:00,0.97,65,2024-09-10 11:46:00,1.09,7.800000000000007,8,SPREAD_STOP_LOSS
201,P_543.0_20240910,SELL,2024-09-10 12:39:00,0.6,100,2024-09-10 15:45:00,0.02,57.99999999999999,186,EOD
202,P_545.0_20240910,BUY,2024-09-10 12:55:00,0.83,40,2024-09-10 15:45:00,0.01,-32.8,170,EOD
203,P_543.0_20240911,SELL,2024-09-11 12:05:00,0.63,100,2024-09-11 15:45:00,0.02,61.0,220,EOD
204,P_545.0_20240911,BUY,2024-09-11 12:06:00,0.97,40,2024-09-11 15:45:00,0.01,-38.4,219,EOD
205,P_552.0_20240912,SELL,2024-09-12 10:12:00,0.96,100,2024-09-12 15:45:00,0.02,94.0,333,EOD
206,P_554.0_20240912,BUY,2024-09-12 10:13:00,1.32,40,2024-09-12 15:45:00,0.01,-52.400000000000006,332,EOD
207,P_559.0_20240913,SELL,2024-09-13 09:46:00,0.99,100,2024-09-13 15:45:00,0.03,96.0,359,EOD
208,P_561.0_20240913,BUY,2024-09-13 10:13:00,1.25,40,2024-09-13 15:45:00,0.17,-43.2,332,EOD
209,P_560.0_20240916,SELL,2024-09-16 09:51:00,0.66,100,2024-09-16 10:32:00,1.0,-34.0,41,SPREAD_STOP_LOSS
210,P_562.0_20240916,BUY,2024-09-16 10:01:00,0.95,40,2024-09-16 10:32:00,1.95,40.0,31,SPREAD_STOP_LOSS
211,P_559.0_20240916,SELL,2024-09-16 10:51:00,0.46,100,2024-09-16 11:01:00,0.66,-20.0,10,SPREAD_STOP_LOSS
212,P_560.0_20240916,BUY,2024-09-16 10:53:00,0.95,63,2024-09-16 11:01:00,0.97,1.2600000000000011,8,SPREAD_STOP_LOSS
213,P_559.0_20240916,SELL,2024-09-16 11:12:00,0.41,100,2024-09-16 15:45:00,0.02,38.99999999999999,273,EOD
214,P_560.0_20240916,BUY,2024-09-16 11:38:00,0.76,60,2024-09-16 15:45:00,0.01,-45.0,247,EOD
215,P_563.0_20240917,SELL,2024-09-17 10:07:00,0.52,100,2024-09-17 12:21:00,0.79,-27.0,134,SPREAD_STOP_LOSS
216,P_565.0_20240917,BUY,2024-09-17 10:46:00,0.62,40,2024-09-17 12:21:00,1.73,44.39999999999999,95,SPREAD_STOP_LOSS
217,P_560.0_20240917,SELL,2024-09-17 12:58:00,0.38,100,2024-09-17 13:46:00,0.68,-30.000000000000004,48,SPREAD_STOP_LOSS
218,P_561.0_20240917,BUY,2024-09-17 13:12:00,0.82,61,2024-09-17 13:46:00,1.03,12.810000000000004,34,SPREAD_STOP_LOSS
219,P_561.0_20240917,BUY,2024-09-17 14:49:00,0.33,95,2024-09-17 14:52:00,0.6,25.649999999999995,3,SPREAD_STOP_LOSS
220,P_561.0_20240918,SELL,2024-09-18 12:55:00,1.87,100,2024-09-18 13:54:00,2.02,-14.999999999999991,59,SPREAD_STOP_LOSS
221,P_562.0_20240918,BUY,2024-09-18 13:53:00,2.45,80,2024-09-18 13:54:00,2.38,-5.600000000000023,1,SPREAD_STOP_LOSS
222,P_565.0_20240918,SELL,2024-09-18 14:01:00,1.5,100,2024-09-18 14:05:00,2.01,-50.99999999999998,4,SPREAD_STOP_LOSS
223,P_566.0_20240918,BUY,2024-09-18 14:04:00,1.97,78,2024-09-18 14:05:00,2.42,35.099999999999994,1,SPREAD_STOP_LOSS
224,P_565.0_20240918,SELL,2024-09-18 14:06:00,1.62,100,2024-09-18 14:09:00,2.19,-56.999999999999986,3,SPREAD_STOP_LOSS
225,P_564.0_20240918,BUY,2024-09-18 14:09:00,1.81,115,2024-09-18 14:09:00,1.79,-2.300000000000002,0,SPREAD_STOP_LOSS
226,P_563.0_20240918,BUY,2024-09-18 14:13:00,1.99,95,2024-09-18 15:45:00,1.05,-89.3,92,EOD
227,P_562.0_20240918,SELL,2024-09-18 14:14:00,1.47,100,2024-09-18 15:45:00,0.57,90.0,91,EOD
228,P_564.0_20240918,BUY,2024-09-18 14:16:00,1.87,45,2024-09-18 15:45:00,1.76,-4.950000000000005,89,EOD
229,P_567.0_20240919,SELL,2024-09-19 09:58:00,0.91,100,2024-09-19 15:45:00,0.02,89.0,347,EOD
230,P_569.0_20240919,BUY,2024-09-19 10:05:00,1.15,40,2024-09-19 15:45:00,0.04,-44.39999999999999,340,EOD
231,P_567.0_20240923,SELL,2024-09-23 10:10:00,0.38,100,2024-09-23 15:45:00,0.02,36.0,335,EOD
232,P_568.0_20240923,BUY,2024-09-23 10:17:00,0.73,62,2024-09-23 15:45:00,0.02,-44.019999999999996,328,EOD
233,P_567.0_20240924,SELL,2024-09-24 10:51:00,0.38,100,2024-09-24 15:45:00,0.02,36.0,294,EOD
234,P_569.0_20240924,BUY,2024-09-24 11:11:00,0.57,40,2024-09-24 15:45:00,0.02,-21.999999999999996,274,EOD
235,P_572.0_20240927,BUY,2024-09-27 11:09:00,0.39,95,2024-09-27 12:01:00,0.62,21.849999999999998,52,SPREAD_STOP_LOSS
236,P_568.0_20241001,SELL,2024-10-01 14:16:00,0.3,100,2024-10-01 15:45:00,0.16,13.999999999999998,89,EOD
237,P_569.0_20241001,BUY,2024-10-01 15:14:00,0.38,45,2024-10-01 15:45:00,0.41,1.3499999999999988,31,EOD
238,P_567.0_20241003,SELL,2024-10-03 10:01:00,0.85,100,2024-10-03 10:14:00,1.07,-22.000000000000007,13,SPREAD_STOP_LOSS
239,P_568.0_20241003,BUY,2024-10-03 10:06:00,0.9,50,2024-10-03 10:14:00,1.43,26.499999999999996,8,SPREAD_STOP_LOSS
240,P_566.0_20241003,BUY,2024-10-03 10:23:00,0.99,95,2024-10-03 10:31:00,1.22,21.849999999999998,8,SPREAD_STOP_LOSS
241,P_566.0_20241003,BUY,2024-10-03 10:42:00,0.97,95,2024-10-03 10:43:00,1.24,25.650000000000002,1,SPREAD_STOP_LOSS
242,P_566.0_20241003,SELL,2024-10-03 10:48:00,0.68,100,2024-10-03 10:59:00,0.94,-25.99999999999999,11,SPREAD_STOP_LOSS
243,P_567.0_20241003,BUY,2024-10-03 10:50:00,1.16,68,2024-10-03 10:59:00,1.3,9.520000000000008,9,SPREAD_STOP_LOSS
244,P_565.0_20241003,SELL,2024-10-03 11:30:00,0.46,100,2024-10-03 12:51:00,0.67,-21.000000000000004,81,SPREAD_STOP_LOSS
245,P_567.0_20241003,BUY,2024-10-03 11:41:00,0.69,40,2024-10-03 12:51:00,1.44,30.0,70,SPREAD_STOP_LOSS
246,P_566.0_20241003,BUY,2024-10-03 11:29:00,0.89,95,2024-10-03 12:53:00,1.14,23.74999999999999,84,SPREAD_STOP_LOSS
247,P_565.0_20241003,BUY,2024-10-03 15:09:00,0.24,95,2024-10-03 15:45:00,0.09,-14.25,36,EOD
248,P_568.0_20241004,SELL,2024-10-04 10:16:00,0.93,100,2024-10-04 10:24:00,1.26,-32.99999999999999,8,SPREAD_STOP_LOSS
249,P_570.0_20241004,BUY,2024-10-04 10:18:00,1.22,40,2024-10-04 10:24:00,2.12,36.00000000000001,6,SPREAD_STOP_LOSS
250,P_567.0_20241004,SELL,2024-10-04 10:45:00,0.74,100,2024-10-04 15:45:00,0.02,72.0,300,EOD
251,P_568.0_20241004,BUY,2024-10-04 10:48:00,1.22,69,2024-10-04 15:45:00,0.01,-83.49,297,EOD
252,P_570.0_20241007,BUY,2024-10-07 11:56:00,0.58,95,2024-10-07 12:11:00,0.8,20.90000000000001,15,SPREAD_STOP_LOSS
253,P_569.0_20241008,SELL,2024-10-08 10:01:00,0.59,100,2024-10-08 15:45:00,0.01,57.99999999999999,344,EOD
254,P_571.0_20241008,BUY,2024-10-08 10:44:00,0.76,40,2024-10-08 15:45:00,0.01,-30.0,301,EOD
255,P_572.0_20241009,SELL,2024-10-09 10:04:00,0.6,100,2024-10-09 15:45:00,0.02,57.99999999999999,341,EOD
256,P_574.0_20241009,BUY,2024-10-09 10:52:00,0.83,40,2024-10-09 15:45:00,0.01,-32.8,293,EOD
257,P_574.0_20241010,SELL,2024-10-10 11:08:00,0.4,100,2024-10-10 15:45:00,0.05,35.0,277,EOD
258,P_576.0_20241010,BUY,2024-10-10 11:56:00,0.63,40,2024-10-10 15:45:00,0.58,-2.0000000000000018,229,EOD
259,P_575.0_20241011,SELL,2024-10-11 09:52:00,0.46,100,2024-10-11 15:45:00,0.02,44.0,353,EOD
260,P_577.0_20241011,BUY,2024-10-11 10:07:00,0.71,40,2024-10-11 15:45:00,0.02,-27.599999999999998,338,EOD
261,P_580.0_20241014,SELL,2024-10-14 09:46:00,0.38,100,2024-10-14 15:45:00,0.01,37.0,359,EOD
262,P_582.0_20241014,BUY,2024-10-14 09:50:00,0.73,40,2024-10-14 15:45:00,0.01,-28.799999999999997,355,EOD
263,P_581.0_20241015,BUY,2024-10-15 11:42:00,0.49,95,2024-10-15 12:04:00,0.71,20.9,22,SPREAD_STOP_LOSS
264,P_583.0_20241017,BUY,2024-10-17 09:58:00,0.81,95,2024-10-17 10:03:00,1.07,24.7,5,SPREAD_STOP_LOSS
265,P_582.0_20241017,SELL,2024-10-17 11:16:00,0.41,100,2024-10-17 15:45:00,0.16,24.999999999999996,269,EOD
266,P_583.0_20241017,BUY,2024-10-17 11:58:00,0.38,41,2024-10-17 15:45:00,0.59,8.61,227,EOD
267,P_582.0_20241018,BUY,2024-10-18 10:18:00,0.5,95,2024-10-18 15:45:00,0.01,-46.55,326,EOD
268,P_578.0_20241024,BUY,2024-10-24 10:46:00,0.64,95,2024-10-24 10:52:00,0.86,20.9,6,SPREAD_STOP_LOSS
269,P_576.0_20241024,SELL,2024-10-24 12:27:00,0.44,100,2024-10-24 15:45:00,0.02,42.0,198,EOD
270,P_578.0_20241024,BUY,2024-10-24 12:33:00,0.75,40,2024-10-24 15:45:00,0.03,-28.799999999999997,192,EOD
271,P_581.0_20241025,SELL,2024-10-25 09:57:00,0.4,100,2024-10-25 11:40:00,0.64,-24.0,103,SPREAD_STOP_LOSS
272,P_583.0_20241025,BUY,2024-10-25 10:04:00,0.66,40,2024-10-25 11:40:00,1.52,34.4,96,SPREAD_STOP_LOSS
273,P_581.0_20241025,BUY,2024-10-25 12:36:00,0.42,95,2024-10-25 13:15:00,0.67,23.750000000000004,39,SPREAD_STOP_LOSS
274,P_578.0_20241025,BUY,2024-10-25 13:59:00,0.54,95,2024-10-25 14:10:00,0.78,22.8,11,SPREAD_STOP_LOSS
275,P_580.0_20241030,SELL,2024-10-30 10:00:00,0.76,100,2024-10-30 15:45:00,0.61,15.000000000000002,345,EOD
276,P_582.0_20241030,BUY,2024-10-30 10:11:00,1.01,40,2024-10-30 15:45:00,1.78,30.8,334,EOD
277,P_571.0_20241101,SELL,2024-11-01 09:46:00,0.78,100,2024-11-01 15:45:00,0.22,56.00000000000001,359,EOD
278,P_573.0_20241101,BUY,2024-11-01 10:08:00,1.03,40,2024-11-01 15:45:00,1.26,9.2,337,EOD
279,P_570.0_20241105,SELL,2024-11-05 09:47:00,0.71,100,2024-11-05 15:45:00,0.01,70.0,358,EOD
280,P_572.0_20241105,BUY,2024-11-05 09:54:00,0.97,40,2024-11-05 15:45:00,0.01,-38.4,351,EOD
281,P_585.0_20241106,SELL,2024-11-06 10:09:00,1.12,100,2024-11-06 15:45:00,0.01,111.00000000000001,335,EOD
282,P_587.0_20241106,BUY,2024-11-06 10:16:00,1.38,40,2024-11-06 15:45:00,0.01,-54.8,328,EOD
283,P_592.0_20241107,SELL,2024-11-07 10:07:00,0.77,100,2024-11-07 15:45:00,0.02,75.0,338,EOD
284,P_594.0_20241107,BUY,2024-11-07 11:52:00,0.99,40,2024-11-07 15:45:00,0.04,-38.0,233,EOD
285,P_595.0_20241108,SELL,2024-11-08 10:01:00,0.3,100,2024-11-08 15:45:00,0.02,27.999999999999996,344,EOD
286,P_596.0_20241108,BUY,2024-11-08 10:05:00,0.64,58,2024-11-08 15:45:00,0.02,-35.96,340,EOD
287,P_594.0_20241113,SELL,2024-11-13 10:11:00,0.3,100,2024-11-13 15:45:00,0.01,28.999999999999996,334,EOD
288,P_594.0_20241114,SELL,2024-11-14 10:30:00,0.32,100,2024-11-14 12:17:00,0.59,-26.999999999999996,107,SPREAD_STOP_LOSS
289,P_595.0_20241114,BUY,2024-11-14 11:05:00,0.61,56,2024-11-14 12:17:00,0.99,21.28,72,SPREAD_STOP_LOSS
290,P_585.0_20241118,SELL,2024-11-18 10:05:00,0.51,100,2024-11-18 15:45:00,0.01,50.0,340,EOD
291,P_587.0_20241118,BUY,2024-11-18 10:31:00,0.72,40,2024-11-18 15:45:00,0.04,-27.199999999999996,314,EOD
292,P_588.0_20241121,SELL,2024-11-21 09:46:00,1.02,100,2024-11-21 10:02:00,1.35,-33.00000000000001,16,SPREAD_STOP_LOSS
293,P_590.0_20241121,BUY,2024-11-21 09:50:00,1.11,40,2024-11-21 10:02:00,2.26,45.999999999999986,12,SPREAD_STOP_LOSS
294,P_588.0_20241121,SELL,2024-11-21 10:13:00,0.87,100,2024-11-21 10:25:00,1.31,-44.00000000000001,12,SPREAD_STOP_LOSS
295,P_590.0_20241121,BUY,2024-11-21 10:14:00,1.3,40,2024-11-21 10:25:00,2.26,38.39999999999999,11,SPREAD_STOP_LOSS
296,P_587.0_20241121,SELL,2024-11-21 10:43:00,0.77,100,2024-11-21 15:45:00,0.01,76.0,302,EOD
297,P_594.0_20241122,BUY,2024-11-22 09:51:00,0.89,95,2024-11-22 10:12:00,1.26,35.15,21,SPREAD_STOP_LOSS
298,P_593.0_20241122,SELL,2024-11-22 09:52:00,0.68,100,2024-11-22 10:23:00,0.97,-28.999999999999993,31,SPREAD_STOP_LOSS
299,P_595.0_20241122,BUY,2024-11-22 09:59:00,0.92,40,2024-11-22 10:23:00,1.94,40.8,24,SPREAD_STOP_LOSS
300,P_592.0_20241122,SELL,2024-11-22 10:32:00,0.47,100,2024-11-22 15:45:00,0.02,44.99999999999999,313,EOD
301,P_594.0_20241122,BUY,2024-11-22 10:41:00,0.7,40,2024-11-22 15:45:00,0.08,-24.8,304,EOD
302,P_599.0_20241125,BUY,2024-11-25 09:50:00,0.69,95,2024-11-25 09:52:00,0.96,25.650000000000002,2,SPREAD_STOP_LOSS
303,P_597.0_20241125,BUY,2024-11-25 10:57:00,0.49,95,2024-11-25 12:13:00,0.95,43.699999999999996,76,SPREAD_STOP_LOSS
304,P_598.0_20241126,SELL,2024-11-26 11:23:00,0.3,100,2024-11-26 15:45:00,0.02,27.999999999999996,262,EOD
305,P_599.0_20241126,BUY,2024-11-26 14:05:00,0.12,40,2024-11-26 15:45:00,0.01,-4.4,100,EOD
306,P_607.0_20241206,BUY,2024-12-06 11:10:00,0.32,95,2024-12-06 15:45:00,0.05,-25.650000000000002,275,EOD
307,P_588.0_20241219,SELL,2024-12-19 10:12:00,1.29,100,2024-12-19 10:24:00,1.58,-29.000000000000004,12,SPREAD_STOP_LOSS
308,P_589.0_20241219,BUY,2024-12-19 10:23:00,1.79,75,2024-12-19 10:24:00,1.96,12.749999999999995,1,SPREAD_STOP_LOSS
309,P_587.0_20241219,SELL,2024-12-19 10:48:00,1.14,100,2024-12-19 11:05:00,1.43,-29.000000000000004,17,SPREAD_STOP_LOSS
310,P_589.0_20241219,BUY,2024-12-19 10:51:00,1.47,44,2024-12-19 11:05:00,2.27,35.2,14,SPREAD_STOP_LOSS
311,P_588.0_20241219,BUY,2024-12-19 10:47:00,1.52,95,2024-12-19 11:05:00,1.82,28.500000000000004,18,SPREAD_STOP_LOSS
312,P_587.0_20241219,SELL,2024-12-19 11:19:00,1.05,100,2024-12-19 13:05:00,1.26,-20.999999999999996,106,SPREAD_STOP_LOSS
313,P_589.0_20241219,BUY,2024-12-19 11:23:00,1.41,40,2024-12-19 13:05:00,2.31,36.00000000000001,102,SPREAD_STOP_LOSS
314,P_586.0_20241219,SELL,2024-12-19 13:09:00,0.53,100,2024-12-19 15:45:00,0.16,37.0,156,EOD
315,P_588.0_20241219,BUY,2024-12-19 13:27:00,0.66,40,2024-12-19 15:45:00,0.55,-4.3999999999999995,138,EOD
316,P_588.0_20241223,BUY,2024-12-23 10:03:00,1.27,95,2024-12-23 10:10:00,1.73,43.699999999999996,7,SPREAD_STOP_LOSS
317,P_587.0_20241223,SELL,2024-12-23 10:16:00,0.94,100,2024-12-23 15:45:00,0.01,93.0,329,EOD
318,P_589.0_20241223,BUY,2024-12-23 10:39:00,1.13,40,2024-12-23 15:45:00,0.01,-44.8,306,EOD
